Website,Number of Cookies,Total bytes used by cookies
http://google.com,4,844
http://youtube.com,5,783
http://reddit.com,7,2661
http://facebook.com,4,688
http://amazon.com,7,1503
http://twitter.com,6,1061
http://wikipedia.org,4,667
http://bing.com,16,3378
http://amazon.de,6,1021
http://yahoo.co.jp,4,706
http://yahoo.com,10,1981
http://pornhub.com,21,3628
http://msn.com,12,2017
http://twitch.tv,6,1087
http://instagram.com,5,849
http://xvideos.com,3,706
http://github.com,5,1072
http://xhamster.com,14,2895
http://fiverr.com,6,1523
http://linkedin.com,8,1745
http://ebay.com,19,3471
http://bilibili.com,13,2171
http://amazon.fr,6,1370
http://fandom.com,34,6773
http://kleinanzeigen.de,4,2570
http://microsoft.com,10,2251
http://aliexpress.com,25,4840
http://nexusmods.com,22,4032
http://drudgereport.com,6,1169
http://spankbang.com,1,294
http://chaturbate.com,9,1927
http://yandex.ru,18,2962
http://amazon.co.uk,7,1561
http://roblox.com,7,1616
http://live.com,5,1273
http://ozon.ru,1,288
http://baidu.com,4,671
http://amazon.co.jp,8,1691
http://ebay.de,19,3449
http://lemonde.fr,8,1750
http://imdb.com,0,0
http://citizenfreepress.com,3,563
http://ebay.co.uk,19,3506
http://sharepoint.com,12,5080
http://bbc.co.uk,10,1629
http://google.fr,4,840
http://xnxx.com,2,543
http://nytimes.com,18,3692
http://allegro.pl,2,456
http://theguardian.com,14,2564
http://vk.com,21,3805
http://etsy.com,2,505
http://cnn.com,50,9711
http://orange.fr,2,450
http://instructure.com,23,4828
http://stackoverflow.com,2,484
http://google.de,4,840
http://avito.ru,28,5864
http://espn.com,49,8938
http://rule34.xxx,1,251
http://openai.com,0,0
http://paypal.com,10,1856
http://amazon.ca,5,867
http://pch.com,1,142
http://imagefap.com,6,1015
http://netflix.com,5,1740
http://foxnews.com,22,5760
http://hotcoin.com,15,3189
http://naver.com,1,155
http://office.com,7,1329
http://booking.com,27,6050
http://amazon.it,6,1370
http://loot.tv,5,1339
http://9gag.com,13,2460
http://deviantart.com,2,492
http://t-online.de,4,690
http://tumblr.com,2,332
http://indeed.com,0,0
http://nhentai.net,0,0
http://supjav.com,0,0
http://pixiv.net,17,3138
http://mail.ru,23,4948
http://amazon.es,6,1370
http://zoom.us,44,8205
http://e-hentai.org,0,0
http://chapmanganato.com,1,686
http://tiktok.com,8,1905
http://canva.com,2,482
http://dzen.ru,6,1190
http://leboncoin.fr,1,277
http://bbc.com,19,3579
http://neopets.com,2,326
http://amazon.in,5,867
http://missav.com,0,0
http://steamcommunity.com,3,500
http://steampowered.com,5,892
http://pinterest.com,5,1048
http://duckduckgo.com,0,0
http://f95zone.to,10,1643
http://4chan.org,0,0
http://imgur.com,18,3195
http://temu.com,8,1280
http://discogs.com,30,6060
http://ikea.com,3,1543
http://boursorama.com,3,816
http://web.de,6,1058
http://4channel.org,0,0
http://corriere.it,38,7931
http://motherless.com,5,857
http://discord.com,10,2059
http://marktplaats.nl,8,1366
http://vinted.fr,10,3214
http://aniwave.to,9,1640
http://wp.pl,14,2844
http://interia.pl,9,1640
http://spiegel.de,13,2623
http://credit-agricole.fr,9,1427
http://apple.com,5,803
http://adobe.com,0,0
http://bild.de,8,1664
http://nyaa.si,1,163
http://gmx.net,3,593
http://sxyprn.com,6,1003
http://atlassian.net,21,4177
http://hubspot.com,20,3636
http://e621.net,1,486
http://ancestry.com,19,3881
http://torrentgalaxy.to,0,0
http://chess.com,11,2390
http://zhihu.com,9,1697
http://quora.com,8,1280
http://1337x.to,1,249
http://simpcity.su,5,827
http://lefigaro.fr,2,479
http://primevideo.com,7,1576
http://yts.mx,4,747
http://xhamster.desi,15,3069
http://freepik.com,25,4842
http://google.co.uk,4,851
http://bunkrr.su,1,165
http://nu.nl,6,1178
http://yggtorrent.wtf,0,0
http://telegraph.co.uk,35,7170
http://repubblica.it,14,2423
http://jeuxvideo.com,19,3565
http://n-tv.de,3,452
http://lichess.org,1,211
http://fetlife.com,1,312
http://ebay.fr,19,3449
http://funnyjunk.com,16,3330
http://spotify.com,14,2702
http://rutracker.org,5,901
http://onet.pl,8,1448
http://ecosia.org,1,291
http://politico.com,41,8316
http://wowhead.com,27,5653
http://patreon.com,5,1012
http://pornpics.com,8,1352
http://xt.com,0,0
http://geneanet.org,3,565
http://tokyomotion.net,4,701
http://infobae.com,17,3697
http://chase.com,16,3101
http://aol.com,12,2406
http://flickr.com,7,1452
http://bom.gov.au,0,0
http://thegatewaypundit.com,15,3236
http://eporner.com,5,860
http://uol.com.br,33,7082
http://syosetu.com,10,2035
http://ouest-france.fr,9,2019
http://bol.com,21,3240
http://exhentai.org,1,151
http://shein.com,28,5875
http://ya.ru,10,2153
http://rawstory.com,26,5821
http://bankofamerica.com,16,3117
http://walmart.com,12,2594
http://homedepot.com,63,13529
http://gelbooru.com,0,0
http://google.co.jp,4,851
http://whatsapp.com,3,490
http://azure.com,12,2573
http://rumble.com,7,1175
http://vg.no,3,509
http://dmm.co.jp,23,4152
http://cardmarket.com,0,0
http://kitco.com,19,3754
http://noodlemagazine.com,0,0
http://fidelity.com,0,0
http://20minutes.fr,4,1242
http://telegraaf.nl,1,293
http://goodreads.com,7,1307
http://globo.com,33,6438
http://fmoviesz.to,9,1650
http://sankakucomplex.com,4,722
http://zerohedge.com,11,2353
http://tagesschau.de,3,657
http://erome.com,4,1201
http://gamebanana.com,24,4558
http://google.it,4,839
http://mobile.de,0,0
http://vipergirls.to,8,1339
http://pikabu.ru,21,3430
http://force.com,26,6275
http://thisvid.com,5,779
http://pornolab.net,1,135
http://labanquepostale.fr,9,2407
http://kicker.de,0,0
http://heise.de,9,1359
http://gitlab.com,25,4945
http://mercadolivre.com.br,8,1397
http://ebay.com.au,13,2553
http://t.me,1,187
http://mercadolibre.com.ar,8,1397
http://stackexchange.com,2,484
http://ok.ru,12,1926
http://kemono.party,1,165
http://qq.com,13,2133
http://letterboxd.com,18,3558
http://donmai.us,0,0
http://schwab.com,28,7000
http://google.nl,4,838
http://wildberries.ru,5,880
http://timesofisrael.com,0,0
http://google.ca,4,839
http://porntrex.com,8,1332
http://yaplakal.com,0,0
http://gazeta.pl,8,1718
http://costco.com,0,0
http://zdf.de,2,320
http://newsnow.co.uk,13,2300
http://salesforce.com,24,5722
http://dropbox.com,8,1608
http://amazon.com.au,5,887
http://planetsuzy.org,6,1030
http://xero.com,21,4928
http://crunchyroll.com,1,316
http://flightrising.com,2,1584
http://pole-emploi.fr,5,957
http://leroymerlin.fr,1,279
http://fextralife.com,6,1056
http://mercadolibre.com.mx,8,1397
http://bfmtv.com,8,1939
http://ad.nl,6,1178
http://fanfiction.net,2,454
http://mercari.com,18,4274
http://free.fr,15,3180
http://futbin.com,1,291
http://olx.pl,8,1716
http://disneyplus.com,8,1888
http://wsj.com,49,9127
http://focus.de,5,1028
http://myanimelist.net,11,1966
http://nih.gov,0,0
http://biconomy.com,6,1053
http://orf.at,3,805
http://wellsfargo.com,29,7236
http://google.pl,4,840
http://cardgames.io,5,1005
http://5ch.net,8,1835
http://thingiverse.com,3,531
http://zillow.com,9,2195
http://w3schools.com,9,1900
http://youporn.com,15,2549
http://fmkorea.com,7,1489
http://boardgamearena.com,3,539
http://redgifs.com,3,615
http://idnes.cz,21,4479
http://usatoday.com,26,5503
http://nos.nl,11,2233
http://news.com.au,0,0
http://walla.co.il,19,4468
http://mangadex.org,4,700
http://seznam.cz,4,717
http://imx.to,5,850
http://livedoor.jp,0,0
http://creditmutuel.fr,4,830
http://marketwatch.com,44,8791
http://doctolib.fr,2,506
http://granbluefantasy.jp,8,1664
http://69shuba.com,3,517
http://eksisozluk1923.com,11,2285
http://dlsite.com,21,3921
http://dcinside.com,12,2168
http://udemy.com,1,290
http://welt.de,7,1511
http://zeit.de,19,3632
http://thomann.de,1,215
http://xfinity.com,2,291
http://mozilla.org,6,1351
http://samsung.com,27,5682
http://gazzetta.it,23,3985
http://amazon.nl,5,867
http://taobao.com,15,2862
http://flipkart.com,16,3710
http://mangakakalot.com,5,1416
http://runescape.wiki,20,3937
http://2chan.net,2,372
http://citi.com,0,0
http://dns-shop.ru,1,218
http://quizlet.com,1,292
http://dealabs.com,1,292
http://marca.com,36,7111
http://imgsrc.ru,1,165
http://curseforge.com,0,0
http://gayboystube.com,5,846
http://google.es,4,840
http://strava.com,4,769
http://jd.com,5,866
http://as.com,38,7681
http://usps.com,22,3788
http://kijiji.ca,19,3668
http://aniworld.to,5,800
http://allocine.fr,8,1448
http://amazon.com.br,5,887
http://myvidster.com,8,1445
http://imagetwist.com,3,604
http://rapidgator.net,6,1083
http://idealo.de,6,1189
http://cdiscount.com,0,0
http://immobilienscout24.de,2,470
http://shopify.com,10,1942
http://abc.net.au,19,3347
http://francetvinfo.fr,8,1897
http://socialmediagirls.com,1,176
http://civitai.com,5,999
http://nextdoor.com,17,3569
http://1377x.to,7,1119
http://messenger.com,2,325
http://breitbart.com,5,1314
http://hln.be,6,1187
http://derstandard.at,4,727
http://google.ru,4,840
http://rule34video.com,0,0
http://amazon.com.mx,5,887
http://kakuyomu.jp,13,2508
http://medium.com,6,1074
http://slack.com,27,5248
http://manganato.com,5,1390
http://sg.fr,8,1674
http://ti.com,28,5242
http://rt.com,11,1813
http://familysearch.org,4,1450
http://rightmove.co.uk,14,2781
http://dell.com,57,10742
http://otto.de,4,1157
http://fc2.com,6,1025
http://tktube.com,8,1313
http://arte.tv,4,1013
http://americanexpress.com,18,5034
http://upwork.com,1,291
http://lowes.com,0,0
http://wunderground.com,7,1602
http://skidrowreloaded.com,0,0
http://voiranime.com,2,367
http://animeflv.net,5,828
http://yandex.com,14,2766
http://hh.ru,23,3968
http://resetera.com,11,1961
http://tokopedia.com,0,0
http://finn.no,8,2400
http://csdn.net,22,3701
http://imhentai.xxx,4,697
http://hm.com,0,0
http://tweakers.net,5,863
http://thepiratebay.org,0,0
http://bahn.de,7,1474
http://aniwatch.to,8,1472
http://skroutz.gr,1,291
http://jav.guru,0,0
http://ilovepdf.com,6,1336
http://wordreference.com,2,376
http://stripchat.com,18,3370
http://cnbc.com,32,7988
http://ign.com,46,8745
http://notion.so,23,4604
http://royalroad.com,2,446
http://itch.io,3,568
http://pixhost.to,3,513
http://researchgate.net,11,2284
http://sex.com,0,0
http://elpais.com,33,6862
http://etherscan.io,0,0
http://tradingview.com,6,1192
http://dndbeyond.com,4,1071
http://mydealz.de,0,0
http://artstation.com,1,315
http://weibo.com,4,898
http://doordash.com,2,512
http://mangago.me,0,0
http://paheal.net,0,0
http://thesimsresource.com,18,3513
http://somethingawful.com,1,299
http://ebay.it,19,3449
http://sportschau.de,3,653
http://ca.gov,5,892
http://torn.com,0,0
http://xhamsterlive.com,19,3627
http://gizmodo.com,20,3424
http://olx.ua,25,4734
http://capitalone.com,30,5701
http://leparisien.fr,15,3263
http://forocoches.com,9,2031
http://joyclub.de,4,778
http://speedtest.net,29,6329
http://lequipe.fr,5,1446
http://flightaware.com,22,5215
http://wetteronline.de,0,0
http://france.tv,10,2257
http://fnac.com,2,650
http://wordpress.com,16,2952
http://txxx.com,4,611
http://zalando.de,3,1419
http://lepoint.fr,12,2372
http://chegg.com,7,1940
http://tvtropes.org,16,3496
http://ameli.fr,0,0
http://coomer.party,1,165
http://dl-protect.link,1,157
http://dagbladet.no,9,1839
http://target.com,21,4908
http://soundcloud.com,15,3053
http://pinterest.fr,4,880
http://arstechnica.com,41,8369
http://intuit.com,17,3391
http://faz.net,8,1417
http://boardgamegeek.com,6,1193
http://reverso.net,10,1764
http://webtoons.com,19,3249
http://kemono.su,1,165
http://eroprofile.com,4,662
http://google.com.au,4,855
http://yelp.com,14,3569
http://secondlife.com,6,1471
http://figma.com,1,197
http://kotaku.com,21,3592
http://fitgirl-repacks.site,1,176
http://nrk.no,10,1852
http://solitaired.com,22,4568
http://binance.com,11,2939
http://subito.it,15,3606
http://hp.com,12,2847
http://bsky.app,2,538
http://meteociel.fr,5,989
http://weather.gov,6,1847
http://recurbate.com,0,0
http://airbnb.com,23,4798
http://okta.com,29,5604
http://gosuslugi.ru,4,691
http://ladepeche.fr,6,1412
http://douban.com,9,1522
http://newegg.com,4,777
http://ravelry.com,11,2035
http://archive.org,0,0
http://ar15.com,12,2155
http://bitbucket.org,16,3186
http://hulu.com,19,5011
http://vimeo.com,10,2033
http://humblebundle.com,16,3198
http://thehill.com,4,970
http://ekstrabladet.dk,0,0
http://huffingtonpost.fr,4,1197
http://sahibinden.com,2,550
http://wetter.com,1,149
http://bandcamp.com,6,1064
http://ansa.it,11,2373
http://mygully.com,6,911
http://sextb.net,22,3932
http://gog.com,3,440
http://chip.de,5,1023
http://eztv.re,4,756
http://sapo.pt,13,2597
http://jeanmarcmorandini.com,2,490
http://boyfriendtv.com,7,1060
http://xivmodarchive.com,1,243
http://dr.dk,0,0
http://jbzd.com.pl,10,1926
http://clarin.com,28,6035
http://coursera.org,8,1442
http://laposte.net,15,2847
http://cricbuzz.com,15,2689
http://nnmclub.to,3,470
http://sueddeutsche.de,10,2338
http://ambito.com,21,4348
http://laposte.fr,15,2849
http://ing.de,6,989
http://paramountplus.com,32,5975
http://fark.com,17,3393
http://kinopoisk.ru,11,2183
http://transfermarkt.de,6,1042
http://go.com,13,2434
http://mangaread.org,4,903
http://ria.ru,19,3160
http://etrade.com,23,5852
http://gamer.com.tw,6,1147
http://nikkeiyosoku.com,14,2664
http://spacebattles.com,18,3793
http://rtvslo.si,10,1617
http://lenovo.com,20,4145
http://moneycontrol.com,27,5555
http://aliexpress.us,26,4988
http://emag.ro,15,2574
http://index.hu,11,1831
http://findagrave.com,18,3243
http://wikidot.com,7,1201
http://nbcnews.com,43,8879
http://ebay.ca,17,3000
http://ncore.pro,1,157
http://google.com.br,4,856
http://adblockplus.org,5,884
http://hoyolab.com,8,1388
http://bitchute.com,3,650
http://joyreactor.cc,7,1303
http://rambler.ru,15,2671
http://4pda.to,4,679
http://mit.edu,8,1391
http://alibaba.com,12,2286
http://genius.com,20,3803
http://ancestry.co.uk,24,4888
http://epicgames.com,1,300
http://pepper.pl,6,1182
http://apnews.com,19,4148
http://hltv.org,1,289
http://coinmarketcap.com,14,3919
http://dhl.de,7,2835
http://pixabay.com,1,292
http://rottentomatoes.com,23,5202
http://ashemaletube.com,8,1205
http://marriott.com,59,11509
http://dailykos.com,30,6035
http://nike.com,26,6844
http://sxyprn.net,6,1003
http://office365.com,18,7083
http://jutarnji.hr,33,6616
http://gameforge.com,1,312
http://rakuten.com,39,7237
http://ultimate-guitar.com,28,5672
http://tvn24.pl,15,3108
http://ea.com,0,0
http://daum.net,8,1701
http://lanacion.com.ar,19,4255
http://liquipedia.net,9,1583
http://instant-gaming.com,16,2971
http://sporcle.com,31,6492
http://dumpert.nl,6,1309
http://wiflix.voto,0,0
http://kick.com,1,289
http://google.ch,4,839
http://otomoto.pl,1,513
http://funda.nl,0,0
http://redtube.com,19,3207
http://carrefour.fr,1,293
http://literotica.com,2,344
http://uchi.ru,11,1985
http://fapello.com,2,362
http://asus.com,6,1067
http://tv2.dk,3,977
http://9animetv.to,9,1648
http://ixxx.com,4,729
http://sourceforge.net,8,1436
http://mat6tube.com,0,0
http://zendesk.com,30,6484
http://roleplayer.me,0,0
http://geeksforgeeks.org,8,1493
http://vanguard.com,16,3482
http://decathlon.fr,15,3211
http://travian.com,6,1146
http://ilfattoquotidiano.it,6,1062
http://lenta.ru,18,2976
http://rateyourmusic.com,19,3658
http://drom.ru,8,1389
http://ricardo.ch,1,291
http://dagospia.com,5,1013
http://delta.com,0,0
http://cronista.com,18,3645
http://lilo.org,31,4946
http://nfl.com,15,3807
http://tcgplayer.com,14,2948
http://vinted.de,9,2998
http://dkb.de,8,1302
http://fanfox.net,21,3748
http://hqporner.com,7,1161
http://google.at,4,839
http://edf.fr,6,1894
http://1fichier.com,0,0
http://gofile.io,1,160
http://blog.jp,2,346
http://concursolutions.com,4,1516
http://box.com,40,6550
http://shopee.co.id,11,2307
http://firefoxchina.cn,2,367
http://loverslab.com,0,0
http://sncf-connect.com,1,281
http://douyin.com,4,748
http://noaa.gov,0,0
http://programme-tv.net,4,717
http://turbobit.net,9,1659
http://camwhores.tv,5,833
http://pornbb.org,8,1515
http://youjizz.com,12,2378
http://reverb.com,20,4140
http://guildwars2.com,8,1382
http://nine.com.au,28,5477
http://service-public.fr,6,1575
http://finviz.com,0,0
http://togetter.com,9,1681
http://footmercato.net,6,1350
http://pronews.gr,5,862
http://bato.to,5,856
http://journaldesfemmes.fr,11,2077
http://cic.fr,4,817
http://mangarawjp.io,0,0
http://wallapop.com,1,187
http://autotask.net,1,164
http://stuff.co.nz,0,0
http://garmin.com,14,2742
http://ryanair.com,9,2413
http://bs.to,0,0
http://trello.com,13,2769
http://telegram.org,1,188
http://libero.it,2,305
http://rbc.ru,19,3251
http://naughtyblog.org,0,0
http://verizon.com,36,6693
http://microsoft365.com,6,1190
http://protothema.gr,9,1593
http://mangakatana.com,6,1002
http://gismeteo.ru,10,1622
http://buyee.jp,0,0
http://mangabuddy.com,3,500
http://manga-zip.is,14,2572
http://annas-archive.org,0,0
http://kickstarter.com,1,296
http://linktr.ee,19,3916
http://roll20.net,18,3250
http://s.to,5,758
http://2nn.jp,3,525
http://sozcu.com.tr,16,3162
http://nouvelobs.com,6,1519
http://geenstijl.nl,7,1295
http://royalbank.com,6,1071
http://midilibre.fr,5,1255
http://cambridge.org,3,817
http://steamdb.info,2,545
http://wayfair.com,2,616
http://k2s.cc,12,2555
http://pinterest.de,4,880
http://npostart.nl,11,2096
http://ft.com,9,1632
http://xbox.com,16,3106
http://bulbagarden.net,16,2795
http://robertsspaceindustries.com,8,1639
http://substack.com,11,2471
http://igg-games.com,2,366
http://teepublic.com,53,10354
http://hupu.com,2,359
http://habr.com,9,1506
http://mailchimp.com,19,4755
http://theverge.com,25,4848
http://usaa.com,0,0
http://mediaset.it,8,1693
http://filmweb.pl,8,1598
http://squarespace.com,21,3859
http://lacentrale.fr,1,278
http://willhaben.at,0,0
http://seloger.com,1,276
http://canalplus.com,2,325
http://wetransfer.com,21,4324
http://tagged.com,3,473
http://arca.live,3,596
http://drive2.ru,8,1313
http://atlassian.com,13,2756
http://golem.de,7,1211
http://katfile.com,2,363
http://pathofexile.com,1,162
http://zoho.com,12,2154
http://fullporner.com,5,967
http://krone.at,12,2678
http://hlsloader.com,0,0
http://jpg2.su,4,666
http://sudouest.fr,12,2695
http://redfin.com,0,0
http://haaretz.co.il,17,3210
http://picuki.com,0,0
http://pornone.com,6,933
http://icloud.com,0,0
http://coomer.su,1,165
http://op.gg,13,2552
http://incestflix.com,13,3643
http://cisco.com,20,4125
http://rezka.ag,7,1098
http://wiki.gg,0,0
http://iltalehti.fi,4,838
http://caf.fr,7,1432
http://duolingo.com,17,3499
http://flightradar24.com,5,1533
http://idealista.com,1,278
http://macys.com,0,0
http://geizhals.de,4,1000
http://lolesports.com,9,1992
http://tori.fi,19,4044
http://nieuwsblad.be,14,3056
http://playstation.com,21,5013
http://imagebam.com,4,1339
http://geny.com,10,2192
http://markt.de,5,833
http://yle.fi,7,1337
http://novinky.cz,3,543
http://onlyfans.com,4,686
http://mobilism.org,0,0
http://urssaf.fr,4,1049
http://leetcode.com,9,1685
http://hentaiverse.org,0,0
http://scryfall.com,4,703
http://autotrader.co.uk,0,0
http://rlsbb.ru,13,2124
http://shutterstock.com,11,2234
http://aarp.org,24,4588
http://sky.com,43,8951
http://limetorrents.lol,4,719
http://state.gov,9,2006
http://bloomberg.com,7,1859
http://godaddy.com,3,508
http://cityheaven.net,0,0
http://trendyol.com,10,2888
http://manhuagui.com,3,519
http://espncricinfo.com,40,7476
http://b92.net,23,4617
http://7mmtv.sx,17,3111
http://pagina12.com.ar,19,3642
http://douyu.com,2,358
http://pcpartpicker.com,2,477
http://shopee.tw,21,4134
http://bookys-ebooks.com,0,0
http://max.com,50,8686
http://xgroovy.com,8,1331
http://goo.ne.jp,27,5911
http://overleaf.com,1,241
http://stripe.com,3,644
http://nvidia.com,33,6558
http://pornzog.com,5,806
http://o2.pl,10,2149
http://elmundo.es,13,3175
http://ardmediathek.de,1,210
http://vintage-erotica-forum.com,6,1076
http://hotukdeals.com,4,734
http://cda.pl,24,4247
http://last.fm,27,5231
http://rule34.us,4,692
http://npr.org,25,5379
http://maxroll.gg,1,161
http://24ur.com,14,2221
http://finanzen.net,0,0
http://ptt.cc,4,661
http://blackboard.com,6,1362
http://huggingface.co,5,1240
http://is.fi,2,427
http://getpocket.com,9,1902
http://kaotic.com,7,1284
http://gsmarena.com,6,1051
http://audible.com,30,5729
http://upornia.com,8,1272
http://gmail.com,1,206
http://buienradar.nl,12,2539
http://programme-television.org,7,1846
http://odysee.com,3,544
http://ssa.gov,7,1169
http://vrt.be,7,1434
http://walgreens.com,40,9153
http://thetradedesk.com,11,2336
http://thedailybeast.com,48,11656
http://nikkei.com,9,1561
http://mlb.com,58,11453
http://lcl.fr,8,1644
http://vinted.pl,10,3243
http://dramacool.pa,3,532
http://pagesjaunes.fr,1,315
http://rakuten-sec.co.jp,2,384
http://filmpalast.to,0,0
http://mexa.sh,4,681
http://njav.tv,5,810
http://feedly.com,1,488
http://springer.com,2,305
http://dailymotion.com,10,3040
http://hentaifox.com,3,521
http://poshmark.com,20,4094
http://elconfidencial.com,11,2665
http://game8.co,12,2369
http://realestate.com.au,26,5056
http://jecontacte.com,8,1517
http://rozetka.com.ua,0,0
http://wuxiap.com,0,0
http://behance.net,7,1441
http://milanofinanza.it,17,2960
http://2ch.hk,5,906
http://att.com,31,6694
http://amazon.se,4,700
http://livedoor.com,9,1696
http://webassign.net,20,3732
http://flashscore.com,1,1084
http://lookmovie2.to,4,840
http://eurosport.fr,32,5668
http://express.co.uk,14,2625
http://catawiki.com,9,1581
http://dba.dk,6,1126
http://javlibrary.com,12,2218
http://wallhaven.cc,4,1144
http://gap.com,38,8039
http://kontur.ru,5,1012
http://detik.com,23,4366
http://freebitco.in,5,843
http://eastmoney.com,9,1412
http://readcomiconline.li,7,1467
http://bt.dk,7,1478
http://rawkuma.com,9,1475
http://tmall.com,10,1964
http://t-mobile.com,14,3786
http://getcomics.org,13,2501
http://cvs.com,91,14508
http://hentaiera.com,8,1443
http://startpage.com,0,0
http://dutchycorp.space,0,0
http://wiley.com,2,548
http://chapmanganelo.com,1,704
http://td.com,23,4335
http://vseinstrumenti.ru,1,298
http://theathletic.com,22,3972
http://wiktionary.org,4,671
http://bricklink.com,7,1771
http://ticketmaster.com,30,6034
http://mangageko.com,5,882
http://weatherzone.com.au,17,3162
http://newgrounds.com,3,511
http://siol.net,5,743
http://airbnb.fr,9,1840
http://aljazeera.com,17,3913
http://sofascore.com,17,3287
